galaxy,RA,Dec,telescope,cz_corr(km/s),-d_cz,+d_cz,D_cz (Mpc),-d_D_cz,+d_D_cz,D_SBF (Mpc),-d_D_SBF,+d_D_SBF,D (Mpc),-d_D,+d_D,Dn4000,d_Dn4000,EW_Oii3727,dEW_Oii3727,F_Oii3727,dF_Oii3727,EW_Neiii3870,dEW_Neiii3870,F_Neiii3870,dF_Neiii3870,EW_Sii4069,dEW_Sii4069,F_Sii4069,dF_Sii4069,EW_Hd4102,dEW_Hd4102,F_Hd4102,dF_Hd4102,EW_Hg4340,dEW_Hg4340,F_Hg4340,dF_Hg4340,EW_Oiii4363,dEW_Oiii4363,F_Oiii4363,dF_Oiii4363,EW_Hb4861,dEW_Hb4861,F_Hb4861,dF_Hb4861,EW_Oiii4960,dEW_Oiii4960,F_Oiii4960,dF_Oiii4960,EW_Oiii5007,dEW_Oiii5007,F_Oiii5007,dF_Oiii5007,EW_Nii5756,dEW_Nii5756,F_Nii5756,dF_Nii5756,EW_Nii6549,dEW_Nii6549,F_Nii6549,dF_Nii6549,EW_Ha6563,dEW_Ha6563,F_Ha6563,dF_Ha6563,EW_Nii6584,dEW_Nii6584,F_Nii6584,dF_Nii6584,EW_Sii6717,dEW_Sii6717,F_Sii6717,dF_Sii6717,EW_Sii6731,dEW_Sii6731,F_Sii6731,dF_Sii6731,EW_Oii7320,dEW_Oii7320,F_Oii7320,dF_Oii7320,EW_Oii7330,dEW_Oii7330,F_Oii7330,dFOii7330,R2,dR2,R3,dR3,O32,dO32,R23,dR23,N2,dN2,O3N2,dO3N2,logsSFR_Ha,-dsSFR_Ha,+dsSFR_Ha,SFR_UV,-dSFR_UV,+dSFR_UV,logsSFR_UV,-dsSFR_UV,+dsSFR_UV,logHa/UV,-dlogHa/UV,+dlogHa/UV,logZ/Zsun,-dlogZ/Zsun,+dlogZ/Zsun,12+log(O/H) - Curti+17,d12+log(O/H) - Curti+17,12+log(O/H),d12+log(O/H),ulim_12+log(O/H),logMstar/Msun,-d_Mstar,+d_Mstar,logM200/Msun,Rvir(kpc),g,-dg,+dg,r,-dr,+dr,z,-dz,+dz,n,-dn,+dn,b/a,-d_b/a,+d_b/a,PA(deg),-dPA,+dPA,r_eff(arcsec),-d_r_eff(asec),+d_r_eff(asec),R_eff(kpc),-d_R_eff,+d_R_eff,FUV,-dFUV,+dFUV,F814W,dF814W,age_SSP(Gyr),age_mass(Gyr),-d_agemass,+d_agemass,environment,SFH morphology,Notes
UGC75,00:08:46.23,+15:49:01.0,Magellan,877,97,138,11,1,1,5,2,2,5,2,2,1.126,0.004,14.5,0.3,6.3E-14,1E-15,2.0,0.1,1.31E-14,9E-16,0.8,0.1,5.4E-15,7E-16,-1.51,0.07,-1.04E-14,5E-16,-2.5,0.1,-1.68E-14,7E-16,1.01,0.07,6.8E-15,4E-16,—,—,—,—,2.04,0.03,1.37E-14,2E-16,6.34,0.05,4.25E-14,2E-16,0.04,0.02,3E-16,1E-16,0.27,0.02,1.4E-15,1E-16,18.56,0.08,9.94E-14,2E-16,2.75,0.03,1.47E-14,1E-16,3.27,0.03,1.74E-14,1E-16,4.05,0.03,2.15E-14,2E-16,0.19,0.02,8E-16,1E-16,0.75,0.04,3.4E-15,2E-16,—,—,—,—,0.6746,0.0112,—,—,0.1479,0.0010,—,—,-10.195,0.002,0.002,—,—,—,—,—,—,—,—,—,-1.45,0.06,0.05,8.50,0.17,8.37,0.18,FALSE,8.3,0.4,0.4,10.58,69.28,12.8458,0.0005,0.0006,12.359,0.003,0.003,12.015,0.006,0.005,1.261,0.005,0.005,0.598,0.002,0.002,26.33,0.02,0.02,28.8,0.2,0.2,0.7,0.3,0.3,—,—,—,12.76,0.01,3.55,6.47,0.38,0.35,Interacting,Sustained,Hb in chip gap. Hd + Hg may be weakly detected in emission. Physical parameters (for example: n or b/a) quoted for single Sersic fit. Double Sersic used for grz photometry — see the CSV containing results (or the paper) for those details. HST/WFPC2 F814W photometry fit separately (see GALFIT outputs for details) — does not cover outer shell of galaxy.
PGC4143,01:09:41.46,-02:15:59.3,Magellan,1770,129,109,21,2,2,—,—,—,21,2,2,1.17,0.01,14.0,0.8,1.62E-14,8E-16,1.4,0.3,2.1E-15,5E-16,—,—,—,—,—,—,—,—,-3.9,0.4,-6.2E-15,7E-16,1.3,0.3,2.1E-15,5E-16,—,—,—,—,1.20,0.08,2.2E-15,1E-16,2.92,0.08,5.2E-15,1E-16,-0.28,0.06,-5E-16,1E-16,0.25,0.03,4.1E-16,6E-17,9.25,0.08,1.53E-14,1E-16,1.51,0.07,2.5E-15,1E-16,3.01,0.07,5.0E-15,1E-16,2.30,0.07,3.8E-15,1E-16,—,—,—,—,—,—,—,—,—,—,—,—,0.3210,0.0170,—,—,0.1634,0.0066,—,—,-10.595,0.005,0.005,0.022,0.004,0.004,-10.6,0.2,0.2,0.0,0.2,0.2,-0.953,0.003,0.010,8.57,0.17,8.40,0.18,FALSE,8.9,0.2,0.2,10.90,88.87,14.682,0.002,0.002,14.140,0.003,0.003,13.784,0.003,0.003,1.660,0.004,0.004,0.5802,0.0008,0.0009,-14.46,0.05,0.04,26.91,0.07,0.07,2.7,0.3,0.3,17.72,0.02,0.02,—,—,7.08,8.57,0.06,0.05,Isolated,Bursty,Hb in chip gap. Hd + Hg may be weakly detected in emission.
UGCA285,12:33:08.5,-00:31:55,Keck,754,12,15,10.2,0.2,0.3,9,2,1,9,2,1,0.74,0.05,27,7,1.5E-14,3E-15,—,—,—,—,—,—,—,—,—,—,—,—,1,3,7E-16,1.8E-15,-3,3,-2E-15,2E-15,0.5,1.7,3E-16,1.0E-15,—,—,—,—,2,3,9E-16,1.8E-15,1.0,0.2,6.286E-16,0,1.4,0.3,8E-16,2E-16,23,2,1.34E-14,6E-16,6.9,0.3,4.1E-15,4E-16,26,2,1.55E-14,7E-16,20,1,1.19E-14,4E-16,—,—,—,—,—,—,—,—,—,—,3.0000,11.6619,—,—,—,—,0.3060,0.0328,9.8049,38.1290,-10.07,0.05,0.05,9E-04,4E-04,2E-04,-10.6,0.4,0.2,0.5,0.4,0.2,-0.07,0.08,0.05,8.53,0.15,8.62,0.19,FALSE,7.5,0.3,0.2,10.16,50.12,16.261,0.002,0.003,15.85,0.05,0.03,15.61,0.04,0.04,0.655,0.008,0.008,0.881,0.011,0.008,8.3,1.6,1.4,19.2,0.8,0.6,0.8,0.2,0.1,19.4,0.1,0.1,15.446,0.002,1.12,6.44,0.40,0.36,Group,Sustained,Flux calibration blueward of 5600AA is suspect. cz from BAGPIPES. Oiii 4960 possibly non-detection. Nii5756 significantly offset. Only N2 trustworthy though because of flux calibration so that’s adopted. Using [Fe/H] = -2.5 model for line fitting. If allowing extrapolation in Curti+ 12+logO/H: 7.3+/-0.4. HST/ACS WFC F814W photometry fit separately with double Sersic model (see GALFIT outputs for details).
UGC7370,12:19:40.33,+02:04:46.5,Magellan,1949,119,92,35,2,1,—,—,—,35,2,1,1.080,0.008,20.1,0.5,1.59E-13,3E-15,—,—,—,—,—,—,—,—,—,—,—,—,0.39,0.05,3.6E-15,5E-16,0.032,0.009,3.0E-16,9E-17,—,—,—,—,3.16,0.07,3.30E-14,7E-16,6.68,0.07,6.96E-14,6E-16,-0.29,0.04,-3.0E-15,4E-16,0.29,0.03,2.7E-15,2E-16,23.5,0.2,2.198E-13,4E-16,4.05,0.05,3.78E-14,4E-16,5.70,0.06,5.33E-14,4E-16,4.26,0.06,3.99E-14,4E-16,0.42,0.03,3.4E-15,3E-16,1.22,0.04,1.01E-14,3E-16,—,—,—,—,0.4377,0.0091,—,—,0.1720,0.0018,—,—,-10.060,0.005,0.005,0.075,0.009,0.006,-10.5,0.2,0.2,0.5,0.2,0.2,-1.40,0.06,0.05,8.555,0.17,8.41,0.18,FALSE,9.4,0.2,0.2,11.13,105.59,14.486,0.001,0.001,13.940,0.002,0.002,13.576,0.002,0.002,0.817,0.002,0.002,0.2828,0.0003,0.0003,-29.37,0.02,0.02,20.31,0.05,0.06,3.4,0.2,0.1,17.49,0.05,0.06,—,—,11.22,9.59,0.33,0.31,Group,Bursty,Oii73270 and 7330 both consistent with similar spikes in that part of spectrum (from sky sub?).
PGC41458,12:31:33.35,+12:03:49.6,Magellan,596,150,147,9,2,2,—,—,—,9,2,2,1.04,0.04,1.1,0.4,1.3E-15,5E-16,7,2,8E-15,2E-15,-0.8,0.3,-9E-16,3E-16,-16,2,-1.9E-14,2E-15,0.4,0.2,4E-16,2E-16,0.3,0.1,3E-16,1E-16,0.5,0.2,5E-16,2E-16,0.3,0.1,3E-16,1E-16,0.2,0.1,2E-16,1E-16,0.15,0.08,1.5E-16,8E-17,-5.2,0.4,-4.5E-15,3E-16,0.355,0.002,3E-16,2E-16,0.09,0.06,8E-17,5E-17,0.5,0.2,5E-16,2E-16,0.5,0.2,4E-16,2E-16,—,—,—,—,—,—,—,—,2.6000,1.4428,0.4000,0.2561,0.1538,0.0970,3.6000,1.7758,0.2667,0.2437,1.5000,1.6737,-12.464,0.003,0.003,7E-05,3E-05,3E-05,-11.7,0.4,0.4,-0.7,0.4,0.4,-1.63,0.08,0.11,8.69,0.24,8.56,0.40,FALSE,7.6,0.3,0.3,10.21,52.03,16.725,0.002,0.002,16.095,0.004,0.004,15.719,0.004,0.004,1.354,0.006,0.006,0.574,0.002,0.002,-27.4,0.2,0.1,13.29,0.03,0.03,0.6,0.1,0.1,22.1,0.1,0.1,—,—,7.08,7.74,0.28,0.23,Interacting,Quiescent,Hg and Oiii4363 possibly weakly detected. Sii6717 may be weakly detected. No clear Balmer emission 12 + log (O/H) estimate from forced SSP fitting. If extrapolating Curti+ 12+logO/H: 8.47 +/- 0.51. Hg through Nii6584 based on young SSP model; Ha flux error estimated. Emission probably from nuclear star cluster(?).
PGC41458b,12:31:33.96,+12:04:03.4,Magellan,688,396.5,313.5,10,6,11,—,—,—,10,6,11,0.9,0.1,16,5,1.1E-14,3E-15,11,3,2.7E-15,9E-16,6,3,1.6E-15,8E-16,3,2,1.0E-15,6E-16,1.7,0.8,3E-16,1E-16,3,2,5E-16,3E-16,-3,1,-6E-16,2E-16,2.3,0.7,4E-16,1E-16,4,1,8E-16,3E-16,0.6,0.5,1.0E-16,9E-17,0.4,0.3,5E-17,4E-17,0.5,1.1,7E-17,1.6E-16,1.5,0.4,2.1E-16,5E-17,—,—,—,—,—,—,—,—,—,—,—,—,6,1,7E-16,2E-16,—,—,—,—,0.0727,0.0337,—,—,3.0000,6.8942,—,—,-12.3,2.2,0.7,<1.8E-05,—,—,<-11.94,—,—,>0.33,—,—,-0.009,0.014,0.006,8.83,0.14,8.83,0.14,FALSE,7.2,0.5,0.9,10.02,45.02,17.78,0.01,0.01,17.19,0.04,0.02,16.67,0.01,0.02,0.71,0.01,0.01,0.97,0.04,0.01,-24,6,4,12,1,1,0.6,0.4,0.6,>23.8,—,—,—,—,1.12,5.13,0.21,0.38,Interacting,Quiescent,Essentially non-detections across the board other than Neiii3870 and Sii4069. Very clear Oii7330. Other lines indistinguishable from noise. All reported line measurements except Ha and Nii from binned spectrum. 12+logO/H from Curti+2017 O32 relation (P&P04 N2 was out of calibration range due to Ha non-detection). Emission probably from nuclear star cluster(?).
LeG26,10:51:21.1,+12:50:56,Keck,481,42,58,8.9,0.9,1.1,—,—,—,8.9,0.9,1.1,—,—,—,—,—,—,—,—,—,—,—,—,—,—,—,—,—,—,—,—,—,—,—,—,—,—,-0.3,0.2,-1.0E-16,5E-17,0.4,0.1,1.3E-16,4E-17,1.2,0.3,3.6E-16,8E-17,-1.1,0.2,-2.7E-16,5E-17,0.4,0.1,1.0E-16,3E-17,3.5,0.3,7.8E-16,6E-17,0.4,0.1,9E-17,2E-17,—,—,—,—,—,—,—,—,—,—,—,—,—,—,—,—,—,—,—,—,—,—,—,—,0.1154,0.0271,—,—,-11.15,0.07,0.06,1.2E-04,2E-05,3E-05,-11.6,0.2,0.2,0.5,0.2,0.2,-0.05,0.06,0.03,8.45,0.10,8.31,0.19,FALSE,7.7,0.2,0.2,10.25,54.04,16.403,0.002,0.002,15.798,0.008,0.006,15.419,0.007,0.007,0.884,0.003,0.003,0.811,0.005,0.004,79.7,0.5,0.5,14.28,0.07,0.06,0.62,0.06,0.08,21.483,0.003,0.003,—,—,0.0079,4.89,0.27,0.24,Group,Quiescent,Flux calibration blueward of 5600AA is suspect. Curti+ 12+logO/H from calibrator that’s impacted by insecure blue-side flux calibration. 12+logO/H is an upper limit based on non-detection of Nii.
UGC9126,14:15:40.08,+16:32:59.0,Magellan,2575,129,97,43,2,2,—,—,—,43,2,2,0.96,0.04,18,3,3.9E-14,2E-15,15,6,1.0E-14,2E-15,-1.27,0.03,-7.915E-16,0,2,1,1.0E-15,5E-16,5,1,6.6E-15,7E-16,1.0,0.5,1.3E-15,4E-16,9.3,0.6,1.04E-14,4E-16,11.1,0.7,1.24E-14,4E-16,34.4,0.8,3.89E-14,4E-16,-0.03,0.11,-3E-17,1.0E-16,0.5,0.3,1.9E-16,7E-17,54,1,4.21E-14,3E-16,2.5,0.6,1.9E-15,2E-16,8.4,0.7,6.6E-15,3E-16,4.3,0.5,3.4E-15,2E-16,0.5,0.2,3.1E-16,8E-17,0.7,0.4,5E-16,1E-16,3.7500,0.2404,3.7404,0.1489,0.9974,0.0522,8.6827,0.3892,0.0451,0.0048,82.8790,9.3459,-9.58,0.01,0.01,0.19,0.02,0.02,-9.9,0.2,0.2,0.3,0.2,0.2,-0.99,0.05,0.05,8.31,0.21,8.14,0.18,FALSE,9.2,0.2,0.2,11.04,98.79,14.924,0.001,0.001,14.526,0.003,0.003,14.279,0.004,0.004,1.000,0.003,0.003,0.719,0.002,0.002,1.5,0.2,0.2,30.38,0.10,0.09,6.3,0.3,0.3,16.92,0.05,0.05,—,—,0.84,4.77,0.20,0.22,Isolated,Episodic,Lines measurements are co-adds of *detections* across major and minor axes.
UGC7485,12:24:22.19,+21:09:36.0,Magellan,1183.0,0.9,1.0,24.011,0.075,0.075,—,—,—,24.011,0.075,0.075,—,—,—,—,—,—,—,—,—,—,—,—,—,—,—,—,—,—,—,—,—,—,—,—,—,—,14.3,0.3,9.82E-14,5E-16,16.4,0.3,1.145E-13,5E-16,49.4,0.8,3.498E-13,5E-16,0.12,0.03,8E-16,2E-16,1.45,0.09,8.1E-15,5E-16,67,1,3.756E-13,5E-16,7.1,0.2,3.99E-14,5E-16,9.6,0.2,5.51E-14,6E-16,6.7,0.2,3.87E-14,5E-16,1.8,0.1,9.3E-15,5E-16,2.1,0.1,1.09E-14,7E-16,—,—,3.5621,0.0188,—,—,—,—,0.1062,0.0013,33.5321,0.4583,-9.460,0.009,0.008,0.024,0.002,0.002,-10.5,0.2,0.2,1.1,0.2,0.2,-0.72,0.02,0.06,8.39,0.15,8.29,0.18,FALSE,8.9,0.2,0.2,10.90,88.87,14.907,0.002,0.002,14.387,0.003,0.003,14.078,0.003,0.003,1.478,0.004,0.005,0.671,0.002,0.002,-59.69,0.09,0.08,14.46,0.04,0.05,1.683,0.007,0.008,17.90,0.07,0.08,—,—,1.12,6.75,0.57,0.33,Isolated,Sustained,
LEDA1722581,08:35:37.14,+25:00:15.0,SDSS,5158,8.5,4.5,80.55,0.11,0.06,—,—,—,80.55,0.11,0.06,1.195,0.003,23.0,0.5,2.87E-15,2E-17,0.78,0.05,1.35E-16,8E-18,1.13,0.05,2.2E-16,1E-17,—,—,—,—,1.44,0.03,2.84E-16,5E-18,0.24,0.02,4.8E-17,4E-18,3.35,0.03,6.72E-16,5E-18,2.02,0.03,4.05E-16,6E-18,6.51,0.04,1.307E-15,6E-18,0.38,0.03,7.4E-17,6E-18,—,—,—,—,15.5,0.1,2.582E-15,5E-18,2.24,0.03,3.74E-16,4E-18,4.12,0.05,6.87E-16,7E-18,2.77,0.03,4.63E-16,5E-18,—,—,—,—,—,—,—,—,4.2708,0.0435,1.9449,0.0170,0.4554,0.0038,6.8185,0.0602,0.1448,0.0016,13.4274,0.1873,-10.300,0.004,0.004,0.011,0.002,0.003,-10.8,0.2,0.2,0.5,0.2,0.2,-1.19,0.04,0.04,8.49,0.24,8.36,0.18,FALSE,8.8,0.2,0.2,10.85,85.55,17.549,0.003,0.003,17.085,0.004,0.004,16.800,0.005,0.005,1.157,0.008,0.008,0.326,0.001,0.001,-82.16,0.08,0.08,6.56,0.02,0.02,2.562,0.043,0.008,21.4,0.2,0.3,16.779,0.003,5.62,8.30,0.36,0.42,Interacting,Sustained,HST/ACS WFC F814W photometry fit separately (see GALFIT outputs for details).
LEDA1722581-em,08:35:36.73,+25:00:15.0,SDSS,5166,14.5,31.5,80.7,0.2,0.4,—,—,—,80.7,0.2,0.4,1.102,0.003,49.2,0.9,3.68E-15,1E-17,1.42,0.05,1.41E-16,4E-18,0.76,0.07,8.0E-17,7E-18,2.17,0.05,2.28E-16,4E-18,4.63,0.06,4.67E-16,4E-18,0.18,0.05,1.9E-17,5E-18,10.43,0.08,1.032E-15,4E-18,6.70,0.05,6.60E-16,4E-18,20.3,0.1,2.009E-15,4E-18,0.25,0.03,2.3E-17,2E-18,0.78,0.03,6.2E-17,2E-18,42.4,0.3,3.344E-15,4E-18,4.87,0.04,3.83E-16,3E-18,8.33,0.07,6.51E-16,4E-18,5.49,0.04,4.29E-16,3E-18,0.38,0.03,2.7E-17,2E-18,—,—,—,—,3.5659,0.0169,1.9467,0.0085,0.5459,0.0018,6.1521,0.0263,0.1145,0.0009,16.9968,0.1537,-9.722,0.004,0.004,0.023,0.004,0.004,-10.01,0.08,0.08,0.29,0.08,0.08,-1.26,0.06,0.04,8.48,0.24,8.31,0.18,FALSE,8.37,0.02,0.02,10.62,71.41,—,—,—,—,—,—,—,—,—,—,—,—,—,—,—,—,—,—,—,—,—,—,—,—,20.6,0.2,0.2,—,—,3.98,7.23,0.40,0.24,Interacting,Sustained,If extrapolating Curti+ 12+logO/H: 8.27 +/- 0.35. 
PGC1818175,12:17:08.21,+27:47:42.9,SDSS,971,15,6,16.9,0.1,0.1,—,—,—,16.9,0.1,0.1,1.08,0.03,—,—,—,—,1.5,0.7,1.0E-16,5E-17,0.5,0.3,4E-17,2E-17,-2.7,0.8,-2.0E-16,6E-17,0.7,0.8,5E-17,6E-17,0.7,2.2,5E-17,1.6E-16,0.3,0.2,2E-17,2E-17,0.15,0.07,1.1E-17,5E-18,0.6,0.2,4E-17,1E-17,0.04,0.09,3E-18,6E-18,—,—,—,—,1.4,0.2,8E-17,1E-17,0.6,0.3,4E-17,2E-17,0.8,0.2,5E-17,1E-17,0.13,0.07,8E-18,4E-18,—,—,—,—,—,—,—,—,—,—,2.0000,2.0616,—,—,—,—,0.5000,0.2577,4.0000,4.6098,-11.7,0.1,0.1,4E-04,1E-04,2E-04,-11.8,0.2,0.3,0.1,0.2,0.3,-0.93,0.06,0.05,8.555,0.11,8.86,0.35,FALSE,8.4,0.2,0.2,10.64,72.39,15.734,0.002,0.002,15.137,0.003,0.003,14.751,0.003,0.003,1.145,0.003,0.003,0.490,0.001,0.001,48.02,0.06,0.06,17.73,0.03,0.03,1.453,0.009,0.009,21.6,0.3,0.5,—,—,2.51,6.87,0.32,0.56,Interacting,Quiescent,CF3 model does not increase monotonically ~970 km/s so cz distance is mean of model results. Hb possibly weakly detected in emission? Appears to be experiencing a shock based on line ratios.
UGC5427,10:04:40.95,+29:21:51.5,SDSS,447,18,39,9.0,0.3,0.7,10,2,1,10,2,1,1.01,0.02,24,2,>1.33E-15,>7E-17,0.9,0.6,1.4E-16,6E-17,0.8,0.4,1.4E-16,5E-17,3.6,0.6,5.5E-16,4E-17,5.4,0.6,9.1E-16,4.6E-17,0.17,0.07,2.3E-17,9E-18,11.7,0.6,1.73E-15,4E-17,2.7,0.6,4.0E-16,3E-17,9.9,0.7,1.45E-15,4E-17,0.3,0.4,3E-17,4E-17,1.0,0.3,1.0E-16,2E-17,46,1,4.65E-15,6E-17,4.5,0.6,4.6E-16,2E-17,8.6,0.5,8.6E-16,2E-17,6.0,0.5,6.05E-16,2E-17,1,1,1.2E-16,4E-17,0.5,0.8,4E-17,5-17,—,—,0.8382,0.0302,—,—,—,—,0.0989,0.0045,8.4726,0.4906,-9.68,0.01,0.01,0.015,0.006,0.003,-9.8,0.3,0.2,0.1,0.3,0.2,-1.30,0.02,0.02,8.53,0.15,8.28,0.18,FALSE,8.0,0.3,0.2,10.41,60.93,14.669,0.002,0.002,14.304,0.004,0.004,14.084,0.004,0.004,0.723,0.002,0.001,0.611,0.002,0.002,-76.49,0.06,0.06,19.20,0.06,0.06,0.93,0.19,0.09,16.517,0.009,0.009,13.7869,0.0009,1.31,5.07,0.19,0.18,Isolated,Episodic,TRGB distance of 7.69 +/- 0.77 Mpc from Tully+13. HST/ACS WFC F814W photometry fit separately with double Sersic model (see GALFIT outputs for details).
NGC5486,14:07:25.03,+55:06:10.5,SDSS,1345,36,35,22.1,0.6,0.5,25,4,3,25,4,3,0.94,0.04,51,2,>5.35E-15,>1E-16,9,1,2.05E-15,7E-17,0.1,0.6,2E-17,7E-17,7.5,0.5,1.63E-15,5E-17,16.9,0.8,3.00E-15,6E+17,1.6,0.5,2.3E-16,4E-17,43.9,0.9,6.24E-15,7E-17,46,2,6.44E-15,7E-17,138,3,1.94E-14,2E-16,0.5,0.5,5E-17,2E-17,8.4,0.6,6.5E-16,2E-17,245,4,1.92E-14,1E-16,20.7,0.8,1.62E-15,3E-17,32.4,0.8,2.49E-15,3E-17,22.4,0.8,1.71E-15,3E-17,3.5,0.7,2.2E-16,2E-17,3.0,0.9,1.9E-16,2E-17,—,—,3.1090,0.0474,—,—,—,—,0.0844,0.0016,36.8471,0.9042,-8.716,0.009,0.009,0.22,0.07,0.05,-9.9,0.2,0.2,1.1,0.2,0.2,-1.43,0.03,0.03,8.38,0.15,8.25,0.18,FALSE,9.2,0.2,0.2,11.04,98.79,13.7678,0.007,0.0010,13.326,0.003,0.002,13.328,0.004,0.005,0.738,0.002,0.002,0.615,0.002,0.001,71.08,0.04,0.04,22.74,0.07,0.07,2.8,0.4,0.3,15.598,0.006,0.006,13.2288,0.0006,0.46,4.77,0.08,0.13,Group,Episodic,Physical parameters (for example: n or b/a) quoted for single Sersic fit. Double Sersic used for photometry — see the CSV containing results (or the paper) for those details. HST/ACS WFC F814W photometry fit separately with double Sersic model (see GALFIT outputs for details). F814W force fit not very good at full resolution (likely overestimates flux). Line measurements from 3/4 pointings (excluding one with P Cygni-like profiles) — properties very different if that pointing included. For example: if all four pointings Dn4000 = 1.06 +/- 0.02.
dw1408+56,14:08:41.0,+56:55:38,MMT,2163,97,60,32.2,1.3,0.9,—,—,—,32.2,1.3,0.9,1.18,0.02,—,—,—,—,3.3,0.5,3.4E-16,5E-17,0.96,0.02,1.07E-16,0,1.3,0.5,1.5E-16,5E-17,—,—,—,—,—,—,—,—,5.6,0.4,8.3E-16,7E-17,1.8,0.5,2.6E-16,7E-17,6.2,0.4,9.0E-16,6E-17,0.2,0.4,2E-17,5E-17,-4.7,0.4,-6.3E-16,6E-17,30,1,4.07E-15,9E-17,5.6,0.9,7E-16,1E-16,5.5,0.5,7.3E-16,6E-17,5.7,0.5,7.5E-16,6E-17,4.4,0.7,5.1E-16,9E-17,0.13,0.08,1.6E-17,9E-18,—,—,1.0843,0.1166,—,—,—,—,0.1720,0.0249,6.3046,1.1358,-9.92,0.02,0.02,0.008,0.001,0.002,-10.0,0.2,0.2,0.1,0.2,0.2,-0.73,0.03,0.04,8.57,0.15,8.41,0.18,FALSE,7.9,0.2,0.2,10.36,58.48,17.977,0.005,0.005,17.551,0.014,0.009,17.96,0.02,0.02,0.925,0.008,0.008,0.569,0.006,0.005,51.6,0.4,0.4,12.52,0.06,0.06,1.99,0.19,0.03,19.7,0.1,0.2,—,—,5.01,7.25,0.41,0.45,Isolated,Episodic,
UGC4527,08:44:23.99,+76:55:04.6,MMT,725,4,4,10.96,0.03,0.03,—,—,—,10.96,0.03,0.03,1.29,0.01,—,—,—,—,—,—,—,—,—,—,—,—,—,—,—,—,—,—,—,—,—,—,—,—,1.6,0.2,1.0E-15,1E-16,-1.0,0.2,-6E-16,1E-16,-0.5,0.2,-3E-16,1E-16,0.1,0.2,8E-17,9E-17,1.35,0.01,6.6E-16,3E-32,19.2,0.4,9.4E-15,1E-16,1.8,0.3,9E-16,1E-16,4.9,0.2,2.4E-15,1E-16,3.5,0.2,1.7E-15,1E-16,0.2,0.1,9E-17,6E-17,-1.0,0.7,-4E-16,3E-16,—,—,—,—,—,—,—,—,0.0957,0.0107,—,—,-10.18,0.01,0.01,0.0033,2E-04,3E-04,-10.1,0.2,0.2,-0.1,0.2,0.2,-1.58,0.08,0.11,8.41,0.10,8.27,0.18,FALSE,7.6,0.2,0.2,10.21,52.03,16.158,0.007,0.006,15.755,0.009,0.008,16.150,0.009,0.009,0.805,0.003,0.003,0.814,0.002,0.002,30.0,0.3,0.3,14.71,0.08,0.08,0.782,0.005,0.005,18.35,0.08,0.09,—,—,12.59,8.84,0.33,0.22,Isolated,Bursty,Oii7370 possibly detected in emission but whole doublet is also consistent with noise.